Title, Image-link 
Cosmoswp Business V1 https://demo.cosmoswp.com/wp-content/uploads/2019/11/business.jpg 
Cosmoswp Agency V1 https://demo.cosmoswp.com/wp-content/uploads/2019/11/agency.jpg 
 Cosmoswp Consultant V1 https://demo.cosmoswp.com/wp-content/uploads/2019/11/consultant.jpg 
CosmosWP WooCommerce 1 https://demo.cosmoswp.com/wp-content/uploads/2020/02/shop-v1.jpg 
CosmosWP EDD 1 https://demo.cosmoswp.com/wp-content/uploads/2020/05/edd-v1.jpg 
  Cosmoswp Medical V1  https://demo.cosmoswp.com/wp-content/uploads/2019/11/medical.jpg 
Cosmoswp Education V1 https://demo.cosmoswp.com/wp-content/uploads/2019/11/education.jpg 
Cosmoswp Blog V1 https://demo.cosmoswp.com/wp-content/uploads/2019/11/blog-v1.jpg 
CosmosWP Magazine  v1 https://demo.cosmoswp.com/wp-content/uploads/2020/06/magazine-1.jpg 
Cosmoswp Photography V1 https://demo.cosmoswp.com/wp-content/uploads/2019/11/photography-v1.jpg 
Cosmoswp Construction V1 https://demo.cosmoswp.com/wp-content/uploads/2019/11/construction-v1.jpg 
Cosmoswp Travel V1 https://demo.cosmoswp.com/wp-content/uploads/2019/11/travel-v1.jpg 
Cosmoswp Fitness V1 https://demo.cosmoswp.com/wp-content/uploads/2019/11/fitness-v1.jpg 
CosmosWP Restaurant V1 https://demo.cosmoswp.com/wp-content/uploads/2020/02/screenshot.jpg 
CosmosWP Lawyer V1 https://demo.cosmoswp.com/wp-content/uploads/2020/02/screenshot-1.jpg 
CosmosWP Portfolio https://demo.cosmoswp.com/wp-content/uploads/2020/05/screenshot.jpg 
CosmosWP Charity V1 https://demo.cosmoswp.com/wp-content/uploads/2020/02/charity-v1.jpg 
CosmosWP Business Pro v1 https://demo.cosmoswp.com/wp-content/uploads/2020/03/business-pro-1.jpg 
CosmosWP Agency Pro v1  https://demo.cosmoswp.com/wp-content/uploads/2020/03/agency-pro-1.jpg 
 CosmosWP Consultant Pro v1  https://demo.cosmoswp.com/wp-content/uploads/2020/03/consultant-pro-1.jpg 
CosmosWP Medical Pro v1 https://demo.cosmoswp.com/wp-content/uploads/2020/03/medical-pro-1.jpg 
CosmosWP Education Pro v1 https://demo.cosmoswp.com/wp-content/uploads/2020/03/education-pro-1.jpg 
CosmosWP Construction Pro v1 https://demo.cosmoswp.com/wp-content/uploads/2020/03/construction-pro-1.jpg 
CosmosWP Travel Pro v1 https://demo.cosmoswp.com/wp-content/uploads/2020/03/travel-pro-1.jpg 
CosmosWP Fitness Pro v1  https://demo.cosmoswp.com/wp-content/uploads/2020/03/fitness-pro-1.jpg 
CosmosWP Restaurant Pro v1 https://demo.cosmoswp.com/wp-content/uploads/2020/03/restaurant-pro-1.jpg 
CosmosWP Lawyer Pro v1 https://demo.cosmoswp.com/wp-content/uploads/2020/04/lawyer-pro-1.jpg 
CosmosWP Blog Pro v1 https://demo.cosmoswp.com/wp-content/uploads/2020/05/blog-pro-v1.jpg 
CosmosWP Charity Pro v1 https://demo.cosmoswp.com/wp-content/uploads/2020/06/charity-pro-1.jpg 
CosmosWP Magazine Pro v1 https://demo.cosmoswp.com/wp-content/uploads/2020/06/magazine-pro-1.jpg 
CosmosWP Magazine v2 https://demo.cosmoswp.com/wp-content/uploads/2020/07/magazine-2.jpg 
CosmosWP Finance v1 https://demo.cosmoswp.com/wp-content/uploads/2020/08/business-2.jpg 
CosmosWP Automotive v1 https://demo.cosmoswp.com/wp-content/uploads/2020/08/business-3.jpg 
CosmosWP Business Pro v2 https://demo.cosmoswp.com/wp-content/uploads/2020/08/business-pro-2.jpg 
Cosmoswp Agency V2 https://demo.cosmoswp.com/wp-content/uploads/2020/08/agency-2.jpg 
CosmosWP Yoga Pro v1 https://demo.cosmoswp.com/wp-content/uploads/2020/09/screenshot.jpg 
CosmosWP Construction Pro v2 https://demo.cosmoswp.com/wp-content/uploads/2020/09/construction-pro-2.jpg 
CosmosWP Shop Pro v1 https://demo.cosmoswp.com/wp-content/uploads/2020/09/shop-v2.jpg 
CosmosWP Finance Pro  v1 https://demo.cosmoswp.com/wp-content/uploads/2020/10/business-pro-1.jpg 
CosmosWP Automotive Pro v1 https://demo.cosmoswp.com/wp-content/uploads/2020/10/automotive-pro-1.jpg 
CosmosWP Beauty Pro v1 https://demo.cosmoswp.com/wp-content/uploads/2020/10/beauty-v1.jpg 
CosmosWP Medical Pro v2 https://demo.cosmoswp.com/wp-content/uploads/2020/11/medical-pro-2.jpg 
CosmosWP Restaurant Pro v2 https://demo.cosmoswp.com/wp-content/uploads/2021/01/restaurant-pro-2.jpg 
CosmosWP Interior Pro v1 https://demo.cosmoswp.com/wp-content/uploads/2021/01/interior-v1.jpg 
CosmosWP Catering Pro v1 https://demo.cosmoswp.com/wp-content/uploads/2021/01/screenshot.jpg 
CosmosWP Kindergarten Pro v1 https://demo.cosmoswp.com/wp-content/uploads/2021/01/kindergarten-1.jpg 
CosmosWP Bakery Pro v1 https://demo.cosmoswp.com/wp-content/uploads/2021/02/bakery-1.jpg 
undefined https://www.cosmoswp.com/wp-content/uploads/2019/11/cosmoswp-prospective-image.png 
undefined undefined 
